<?xml version="1.0" encoding="UTF-8"?>
<rss version="2.0" xmlns:ror="http://rorweb.com/0.1/" >
<channel>
  <title>ROR Sitemap for https://luanamunde122.github.io/</title>
  <link>https://luanamunde122.github.io/</link>

<item>
     <link>https://luanamunde122.github.io/</link>
     <title>L'ice</title>
     <description>L'ice</description>
     <ror:updatePeriod></ror:updatePeriod>
     <ror:sortOrder>0</ror:sortOrder>
     <ror:resourceOf>sitemap</ror:resourceOf>
</item>
</channel>
</rss>
  